row_type,theme_id,kw,emoji,names_csv,decoys_csv,emoji_decoys_csv,text,user,handle,time,sort_order,verified,warn,reply,media_type,media_dur,quote_user,quote_handle,quote_time,quote_verified,quote_text,quote_media_type,quote_media_dur,kind,value
theme,apple,apple,ğŸ,AppleCoin|APPLE|AppleToken|APPLX,GrapeCoin|BananaToken|MangoDAO|OrangeCoin|PearToken|CHERRY|KiwiCoin|BlueberryDAO|CitrusCoin|MelonToken|PLUM|FruitDAO,ğŸŠ|ğŸ‡|ğŸŒ|ğŸ¥­|ğŸ|ğŸ’|ğŸ«|ğŸ¥|ğŸ‘|ğŸ‹,,,,,,,,,,,,,,,,,,,
theme_tweet,apple,,,,,,Apples are at an all-time high right now. ğŸ,CryptoAlerts,@cryptoalerts,27s,1,,,,,,,,,,,,,,
theme_tweet,apple,,,,,,Farmers reporting apples falling everywhere. Bullish ğŸ“ˆ,DeFi Degen,@defidegen,14s,2,,,,,,,,,,,,,,
theme_tweet,apple,,,,,,Apple demand exploding!! Narrative is CLEAR.,AlphaLeaks,@alphaleaks,45s,3,,,,,,,,,,,,,,
theme_tweet,apple,,,,,,Breaking: Global apple shortage ğŸğŸğŸ,Whale Watch,@whalewatcher,8s,4,,,,,,,,,,,,,,
theme,rocket,rocket,ğŸš€,RocketCoin|ROCKET|RocketDAO|RKTX,PlaneCoin|UFOToken|StarDAO|MoonCoin|JetToken|COMET|SpaceCoin|OrbitDAO|SaturnCoin|NebulaTkn,âœˆï¸|ğŸ›¸|ğŸ†|ğŸ’«|â­|ğŸŒ™|ğŸ›©ï¸|ğŸ¯|ğŸŒŸ|ğŸ’¥,,,,,,,,,,,,,,,,,,,
theme_tweet,rocket,,,,,,NASA just announced a new rocket launch window ğŸš€,SpaceNews,@spacenews,12s,1,,,,,,,,,,,,,,
theme_tweet,rocket,,,,,,Rockets trending #1 worldwide.,TrendBot,@trendbot,31s,2,,,,,,,,,,,,,,
theme_tweet,rocket,,,,,,SpaceX competitor revealed new design. CT going crazy,TechAlpha,@techalpha,5s,3,,,,,,,,,,,,,,
theme,dog,dog,ğŸ•,DogCoin|DOG|DogToken|DOGX,CatCoin|BearToken|BunnyDAO|FoxCoin|WolfToken|HAMSTER|LionCoin|TigerDAO|PandaCoin|MonkeyTkn,ğŸ±|ğŸ»|ğŸ°|ğŸ¦Š|ğŸº|ğŸ¹|ğŸ¦|ğŸ¯|ğŸ¼|ğŸµ,,,,,,,,,,,,,,,,,,,
theme_tweet,dog,,,,,,Dogs are dominating social media today ğŸ•,ViralTracker,@viraltracker,19s,1,,,,,,,,,,,,,,
theme_tweet,dog,,,,,,World's largest dog show breaks all records.,NewsWire,@newswire,42s,2,,,,,,,,,,,,,,
theme_tweet,dog,,,,,,Dog adoption rates hit all-time high ğŸ¶ğŸ“ˆ,DataPulse,@datapulse,7s,3,,,,,,,,,,,,,,
theme,fire,fire,ğŸ”¥,FireCoin|FIRE|FireToken|FIRX,WaterCoin|IceToken|ThunderDAO|WaveCoin|WindToken|VOLCANO|SunCoin|StormDAO|BlazeCoin|FlameTkn,ğŸ’§|â„ï¸|âš¡|ğŸŒŠ|ğŸ’¨|ğŸŒ‹|â˜€ï¸|ğŸŒˆ|ğŸŒªï¸|ğŸ§Š,,,,,,,,,,,,,,,,,,,
theme_tweet,fire,,,,,,This market is on FIRE ğŸ”¥ğŸ”¥ğŸ”¥,MarketPulse,@marketpulse,3s,1,,,,,,,,,,,,,,
theme_tweet,fire,,,,,,Wildfire narrative spreading across CT.,AlphaSignals,@alphasignals,22s,2,,,,,,,,,,,,,,
theme_tweet,fire,,,,,,Fire emojis everywhere. You know what that means. ğŸ”¥,DegenAlerts,@degenalerts,16s,3,,,,,,,,,,,,,,
theme,diamond,diamond,ğŸ’,DiamondCoin|DIAMOND|DiamondDAO|DMDX,GoldCoin|CoinToken|CrownDAO|RingCoin|TrophyTkn|PEARL|CrystalCoin|RubyDAO|EmeraldCoin|SapphireTkn,ğŸ’°|ğŸª™|ğŸ‘‘|ğŸ’|ğŸ†|ğŸ”®|ğŸª¨|ğŸ’µ|ğŸ°|ğŸ…,,,,,,,,,,,,,,,,,,,
theme_tweet,diamond,,,,,,Diamond hands are winning today ğŸ’,HODLKing,@hodlking,9s,1,,,,,,,,,,,,,,
theme_tweet,diamond,,,,,,Diamond prices surge to record levels.,MarketWatch,@mktwatch,33s,2,,,,,,,,,,,,,,
theme_tweet,diamond,,,,,,CT can't stop talking about diamonds ğŸ’ğŸ’,GemHunter,@gemhunter,21s,3,,,,,,,,,,,,,,
theme,frog,frog,ğŸ¸,FrogCoin|FROG|FrogToken|FRGX,SnakeCoin|LizardTkn|TurtleDAO|CrocCoin|DinoToken|GECKO|ToadCoin|NewtDAO|BugCoin|BeetleTkn,ğŸ|ğŸ¦|ğŸ¢|ğŸŠ|ğŸ¦–|ğŸ›|ğŸ¦—|ğŸ|ğŸ¦‹|ğŸ,,,,,,,,,,,,,,,,,,,
theme_tweet,frog,,,,,,Frogs taking over the timeline again ğŸ¸,MemeRadar,@memeradar,6s,1,,,,,,,,,,,,,,
theme_tweet,frog,,,,,,The frog meta is BACK ğŸ¸ğŸ¸,AlphaFrog,@alphafrog,28s,2,,,,,,,,,,,,,,
theme_tweet,frog,,,,,,Frog memes everywhere. Crystal clear.,DegenPulse,@degenpulse,11s,3,,,,,,,,,,,,,,
theme,penguin,penguin,ğŸ§,PenguinCoin|PENGUIN|PenguinDAO|PNGX,EagleCoin|DuckToken|OwlDAO|BirdCoin|ParrotTkn|DOVE|FlamingoC|ChickenDAO|PeacockCoin|SwanTkn,ğŸ¦…|ğŸ¦†|ğŸ¦‰|ğŸ¦|ğŸ¦œ|ğŸ•Šï¸|ğŸ¦©|ğŸ”|ğŸ¦š|ğŸ¦¢,,,,,,,,,,,,,,,,,,,
theme_tweet,penguin,,,,,,Penguins trending everywhere ğŸ§ Load up.,TrendAlpha,@trendalpha,15s,1,,,,,,,,,,,,,,
theme_tweet,penguin,,,,,,Antarctic penguin population hits record.,SciAlerts,@scialerts,38s,2,,,,,,,,,,,,,,
theme_tweet,penguin,,,,,,Penguin szn is here. Don't sleep. ğŸ§ğŸ§,NarrativeBot,@narrativebot,4s,3,,,,,,,,,,,,,,
theme,moon,moon,ğŸŒ•,MoonCoin|MOON|MoonToken|MOONX,StarCoin|SunToken|PlanetDAO|EarthCoin|CosmosTkn|GALAXY|CometCoin|NovaCoin|AuroraCoin|NeptuneTkn,â­|â˜€ï¸|ğŸª|ğŸŒ|ğŸ’«|ğŸŒŒ|â˜„ï¸|ğŸ”­|ğŸŒŸ|âœ¨,,,,,,,,,,,,,,,,,,,
theme_tweet,moon,,,,,,Going to the MOON tonight ğŸŒ• Buckle up.,MoonBoi,@moonboi,2s,1,,,,,,,,,,,,,,
theme_tweet,moon,,,,,,Lunar eclipse â€” moon mania ğŸŒ™,AstroAlerts,@astroalerts,25s,2,,,,,,,,,,,,,,
theme_tweet,moon,,,,,,Moon content flooding every timeline.,NarrativeHQ,@narrativehq,18s,3,,,,,,,,,,,,,,
theme,cat,cat,ğŸˆ,CatCoin|CAT|CatToken|CATX,DogCoin|BearToken|BunnyDAO|FoxCoin|WolfToken|HAMSTER|LionCoin|TigerDAO|PandaCoin|MonkeyTkn,ğŸ•|ğŸ»|ğŸ°|ğŸ¦Š|ğŸº|ğŸ¹|ğŸ¦|ğŸ¯|ğŸ¼|ğŸµ,,,,,,,,,,,,,,,,,,,
theme_tweet,cat,,,,,,Cat meta heating up again ğŸˆ,MemeRadar,@memeradar,9s,1,,,,,,,,,,,,,,
theme_tweet,cat,,,,,,Cats dominating For You right now.,TrendDesk,@trenddesk,21s,2,,,,,,,,,,,,,,
theme_tweet,cat,,,,,,Feline narrative confirmed. ğŸ¾,AlphaCats,@alphacats,36s,3,,,,,,,,,,,,,,
theme,shark,shark,ğŸ¦ˆ,SharkCoin|SHARK|SharkDAO|SHRK,WhaleCoin|DolphinTkn|OctoDAO|SquidCoin|FishToken|REEF|CrabCoin|JellyDAO|PufferCoin|ShrimpTkn,ğŸ‹|ğŸ¬|ğŸ™|ğŸ¦‘|ğŸŸ|ğŸ |ğŸ¦€|ğŸª¼|ğŸ¡|ğŸ¦,,,,,,,,,,,,,,,,,,,
theme_tweet,shark,,,,,,Sharks are circling low caps ğŸ¦ˆ,WhaleScope,@whalescope,12s,1,,,,,,,,,,,,,,
theme_tweet,shark,,,,,,Big wallets just rotated into shark names.,OnchainEdge,@onchainedge,28s,2,,,,,,,,,,,,,,
theme_tweet,shark,,,,,,Shark szn back on CT. Teeth out.,TrenchAlpha,@trenchaIpha,44s,3,,,,,,,,,,,,,,
theme,coffee,coffee,â˜•,CoffeeCoin|COFFEE|BrewToken|BREWX,SodaCoin|BobaToken|TeaDAO|MilkCoin|JuiceToken|LATTE|AleCoin|WineDAO|ToastCoin|MateTkn,ğŸ¥¤|ğŸ§‹|ğŸµ|ğŸ¥›|ğŸ¶|ğŸ§ƒ|ğŸº|ğŸ·|ğŸ¥‚|ğŸ§‰,,,,,,,,,,,,,,,,,,,
theme_tweet,coffee,,,,,,Coffee narrative waking up the timeline â˜•,MorningCalls,@morningcalls,5s,1,,,,,,,,,,,,,,
theme_tweet,coffee,,,,,,Caffeine coins pumping before NY open.,MarketWake,@marketwake,19s,2,,,,,,,,,,,,,,
theme_tweet,coffee,,,,,,Brew meta everywhere. Don't fade.,DegenBrew,@degenbrew,33s,3,,,,,,,,,,,,,,
theme,robot,robot,ğŸ¤–,RobotCoin|ROBOT|MechDAO|RBTX,UFOToken|SignalCoin|CodeToken|BrainDAO|BatteryCoin|GEAR|SatelliteCoin|CyberDAO|GeneCoin|LabTkn,ğŸ›¸|ğŸ“¡|ğŸ’»|ğŸ§ |ğŸ”‹|âš™ï¸|ğŸ›°ï¸|ğŸ¦¾|ğŸ§¬|ğŸ§ª,,,,,,,,,,,,,,,,,,,
theme_tweet,robot,,,,,,AI bots are printing again ğŸ¤–,AIPulse,@aipulse,7s,1,,,,,,,,,,,,,,
theme_tweet,robot,,,,,,Robot tags trending after open-source launch.,TechWire,@techwire,23s,2,,,,,,,,,,,,,,
theme_tweet,robot,,,,,,Machine narrative is loud tonight.,AlphaMech,@alphamech,41s,3,,,,,,,,,,,,,,
theme,volcano,volcano,ğŸŒ‹,VolcanoCoin|VOLCANO|LavaToken|LAVAX,WaveCoin|MountainDAO|IceToken|StormCoin|SunToken|RAIN|ThunderCoin|MistDAO|FlameCoin|ArcTkn,ğŸŒŠ|ğŸ”ï¸|ğŸ§Š|ğŸŒªï¸|â˜€ï¸|ğŸŒ§ï¸|âš¡|ğŸŒ«ï¸|ğŸ”¥|ğŸŒˆ,,,,,,,,,,,,,,,,,,,
theme_tweet,volcano,,,,,,Volcano tokens erupting ğŸŒ‹,HeatMap,@heatmap,11s,1,,,,,,,,,,,,,,
theme_tweet,volcano,,,,,,Lava narrative just broke resistance.,ChartSage,@chartsage,26s,2,,,,,,,,,,,,,,
theme_tweet,volcano,,,,,,Magma memes all over X right now.,NarrativeNow,@narrativenow,39s,3,,,,,,,,,,,,,,
theme,ghost,ghost,ğŸ‘»,GhostCoin|GHOST|PhantomDAO|GHSTX,SkullCoin|ZombieToken|VampDAO|SpiderCoin|BatToken|WITCH|MagicCoin|FogDAO|MoonShade|CandleTkn,ğŸ’€|ğŸ§Ÿ|ğŸ§›|ğŸ•·ï¸|ğŸ¦‡|ğŸ§™|ğŸª„|ğŸŒ«ï¸|ğŸŒ™|ğŸ•¯ï¸,,,,,,,,,,,,,,,,,,,
theme_tweet,ghost,,,,,,Ghost narrative haunting CT ğŸ‘»,NightAlpha,@nightalpha,6s,1,,,,,,,,,,,,,,
theme_tweet,ghost,,,,,,Phantom names catching bids into close.,AfterHours,@afterhours,17s,2,,,,,,,,,,,,,,
theme_tweet,ghost,,,,,,Spooky season came early on chain.,MemeDesk,@memedesk,29s,3,,,,,,,,,,,,,,
filler,,,,,,,scam proposal.,billymeth.eth,@biiiymeister,13s,,true,false,@jup_uplink,,,Jupiter Uplink,@jup_uplink,26m,true,"To Jupuary or not to Jupuary.

High-level overview of the upcoming DAO vote.",video,0:38,,
filler,,,,,,,Lots of X accounts hacked. DO NOT click DM links.,Security Alert,@secalert,2m,,true,true,,,,,,,false,,,,,
filler,,,,,,,"gm. another day another narrative.

if you're not in the trenches rn wyd",degen_steve,@degensteve,1m,,false,false,,image,,,,,false,,,,,
filler,,,,,,,"New pairs flying. Stay sharp ğŸ‘€

Already 3 10x plays today.",TrenchWatch,@trenchwatch,4m,,true,false,,,,Raydium,@RaydiumProtocol,1h,true,"24h volume just crossed $2.1B.

New ATH for the protocol.",image,,,
filler,,,,,,,not watching memescope rn? ngmi,based_trader,@basedtrader,5m,,false,false,,,,,,,false,,,,,
filler,,,,,,,Volume insane on Raydium today.,DEX Analytics,@dexanalytics,6m,,true,false,,image,,,,,false,,,,,
filler,,,,,,,this is the play. not financial advice.,whale_alert,@whale_alert_,30s,,false,false,@pumpdotfun,,,pump.fun,@pumpdotfun,12m,true,Introducing graduated tokens â€” LP migration is now live.,,,,
filler,,,,,,,someone just aped $50K into a 2 minute old token lol,onchain_lens,@onchain_lens,45s,,true,false,,image,,,,,false,,,,,
filler,,,,,,,Volume divergence on memescope. Fast rotations everywhere.,FlowScanner,@flowscanner,22s,,true,false,,,,,,,false,,,,,
filler,,,,,,,this pair launched 90s ago and already at 4k holders??,chain_hunter,@chain_hunter,11s,,false,false,,image,,,,,false,,,,,
filler,,,,,,,Narratives flipping every 10 minutes today. Stay fluid.,MetaShift,@metashift,3m,,false,false,,,,,,,false,,,,,
filler,,,,,,,whale wallet 9Z...k7 bought then sold in 47s. brutal.,TapeReader,@tapereader,1m,,true,false,,,,,,,false,,,,,
filler,,,,,,,not your keys not your conviction,oldman_ct,@oldmanct,8m,,false,false,,,,,,,false,,,,,
filler,,,,,,,Holders climbing but socials are dead. careful.,RiskDesk,@riskdesk,2m,,false,true,,,,,,,false,,,,,
filler,,,,,,,I only trust entries after two clean pullbacks.,price_action_ser,@priceactionser,5m,,false,false,,,,,,,false,,,,,
filler,,,,,,,new token launched with website + docs + roadmap. rare.,launch_watch,@launchwatch,48s,,false,false,,image,,,,,false,,,,,
noise,,,,,,,,,,,1,,,,,,,,,,,,,ticker,BONK
noise,,,,,,,,,,,2,,,,,,,,,,,,,ticker,WIF
noise,,,,,,,,,,,3,,,,,,,,,,,,,ticker,PEPE
noise,,,,,,,,,,,4,,,,,,,,,,,,,ticker,BRETT
noise,,,,,,,,,,,5,,,,,,,,,,,,,ticker,ANDY
noise,,,,,,,,,,,6,,,,,,,,,,,,,ticker,CHAD
noise,,,,,,,,,,,7,,,,,,,,,,,,,ticker,GIGA
noise,,,,,,,,,,,8,,,,,,,,,,,,,ticker,SMOL
noise,,,,,,,,,,,9,,,,,,,,,,,,,ticker,BASED
noise,,,,,,,,,,,10,,,,,,,,,,,,,ticker,SEND
noise,,,,,,,,,,,11,,,,,,,,,,,,,ticker,COPE
noise,,,,,,,,,,,12,,,,,,,,,,,,,ticker,SLERF
noise,,,,,,,,,,,13,,,,,,,,,,,,,ticker,MEW
noise,,,,,,,,,,,14,,,,,,,,,,,,,ticker,MYRO
noise,,,,,,,,,,,15,,,,,,,,,,,,,ticker,SAMO
noise,,,,,,,,,,,16,,,,,,,,,,,,,ticker,TURBO
noise,,,,,,,,,,,17,,,,,,,,,,,,,ticker,SNEK
noise,,,,,,,,,,,18,,,,,,,,,,,,,ticker,HONK
noise,,,,,,,,,,,19,,,,,,,,,,,,,ticker,NEIRO
noise,,,,,,,,,,,20,,,,,,,,,,,,,ticker,GOAT
noise,,,,,,,,,,,21,,,,,,,,,,,,,ticker,PNUT
noise,,,,,,,,,,,22,,,,,,,,,,,,,ticker,SPX
noise,,,,,,,,,,,23,,,,,,,,,,,,,ticker,MOG
noise,,,,,,,,,,,24,,,,,,,,,,,,,ticker,TOSHI
noise,,,,,,,,,,,25,,,,,,,,,,,,,ticker,SIGMA
noise,,,,,,,,,,,26,,,,,,,,,,,,,ticker,GRIND
noise,,,,,,,,,,,27,,,,,,,,,,,,,ticker,PUMP
noise,,,,,,,,,,,28,,,,,,,,,,,,,ticker,YOLO
noise,,,,,,,,,,,29,,,,,,,,,,,,,ticker,WAGMI
noise,,,,,,,,,,,30,,,,,,,,,,,,,ticker,NGMI
noise,,,,,,,,,,,31,,,,,,,,,,,,,ticker,HODL
noise,,,,,,,,,,,32,,,,,,,,,,,,,ticker,MONKE
noise,,,,,,,,,,,33,,,,,,,,,,,,,ticker,VIBE
noise,,,,,,,,,,,34,,,,,,,,,,,,,ticker,AURA
noise,,,,,,,,,,,35,,,,,,,,,,,,,ticker,FROST
noise,,,,,,,,,,,36,,,,,,,,,,,,,ticker,KONG
noise,,,,,,,,,,,37,,,,,,,,,,,,,ticker,JOLT
noise,,,,,,,,,,,38,,,,,,,,,,,,,ticker,DUST
noise,,,,,,,,,,,39,,,,,,,,,,,,,ticker,WAVE
noise,,,,,,,,,,,40,,,,,,,,,,,,,ticker,BYTE
noise,,,,,,,,,,,41,,,,,,,,,,,,,ticker,NOVA
noise,,,,,,,,,,,42,,,,,,,,,,,,,ticker,ATOM
noise,,,,,,,,,,,43,,,,,,,,,,,,,ticker,FLIP
noise,,,,,,,,,,,44,,,,,,,,,,,,,ticker,FOMO
noise,,,,,,,,,,,45,,,,,,,,,,,,,ticker,RUSH
noise,,,,,,,,,,,1,,,,,,,,,,,,,emoji,ğŸ¶
noise,,,,,,,,,,,2,,,,,,,,,,,,,emoji,ğŸ±
noise,,,,,,,,,,,3,,,,,,,,,,,,,emoji,ğŸ»
noise,,,,,,,,,,,4,,,,,,,,,,,,,emoji,ğŸ¦Š
noise,,,,,,,,,,,5,,,,,,,,,,,,,emoji,ğŸ¸
noise,,,,,,,,,,,6,,,,,,,,,,,,,emoji,ğŸ§
noise,,,,,,,,,,,7,,,,,,,,,,,,,emoji,ğŸ­
noise,,,,,,,,,,,8,,,,,,,,,,,,,emoji,ğŸ—¿
noise,,,,,,,,,,,9,,,,,,,,,,,,,emoji,ğŸ§ 
noise,,,,,,,,,,,10,,,,,,,,,,,,,emoji,ğŸ’Š
noise,,,,,,,,,,,11,,,,,,,,,,,,,emoji,ğŸ«¡
noise,,,,,,,,,,,12,,,,,,,,,,,,,emoji,ğŸ‘‘
noise,,,,,,,,,,,13,,,,,,,,,,,,,emoji,ğŸ’€
noise,,,,,,,,,,,14,,,,,,,,,,,,,emoji,ğŸ¤¡
noise,,,,,,,,,,,15,,,,,,,,,,,,,emoji,ğŸª
noise,,,,,,,,,,,16,,,,,,,,,,,,,emoji,ğŸ¦
noise,,,,,,,,,,,17,,,,,,,,,,,,,emoji,ğŸ
noise,,,,,,,,,,,18,,,,,,,,,,,,,emoji,ğŸ¦ˆ
noise,,,,,,,,,,,19,,,,,,,,,,,,,emoji,ğŸ‹
noise,,,,,,,,,,,20,,,,,,,,,,,,,emoji,ğŸŒŠ
noise,,,,,,,,,,,21,,,,,,,,,,,,,emoji,ğŸ”®
noise,,,,,,,,,,,22,,,,,,,,,,,,,emoji,ğŸª™
noise,,,,,,,,,,,23,,,,,,,,,,,,,emoji,ğŸ’°
noise,,,,,,,,,,,24,,,,,,,,,,,,,emoji,ğŸ°
noise,,,,,,,,,,,25,,,,,,,,,,,,,emoji,â­
noise,,,,,,,,,,,26,,,,,,,,,,,,,emoji,ğŸŒ¶ï¸
noise,,,,,,,,,,,27,,,,,,,,,,,,,emoji,ğŸ„
noise,,,,,,,,,,,28,,,,,,,,,,,,,emoji,ğŸ§Š
noise,,,,,,,,,,,29,,,,,,,,,,,,,emoji,ğŸ«§
noise,,,,,,,,,,,30,,,,,,,,,,,,,emoji,ğŸª
noise,,,,,,,,,,,31,,,,,,,,,,,,,emoji,â˜„ï¸
noise,,,,,,,,,,,32,,,,,,,,,,,,,emoji,ğŸŒ‹
noise,,,,,,,,,,,33,,,,,,,,,,,,,emoji,ğŸ¦
noise,,,,,,,,,,,34,,,,,,,,,,,,,emoji,ğŸ¯
noise,,,,,,,,,,,35,,,,,,,,,,,,,emoji,âš¡
noise,,,,,,,,,,,36,,,,,,,,,,,,,emoji,ğŸ”¥
noise,,,,,,,,,,,37,,,,,,,,,,,,,emoji,ğŸ’
theme,sol,sol,ğŸ¦,JusticeForSol|SOL|SOLCoin|SOLX,AlphaCoin|NovaToken|TurboDAO|PulseCoin|FluxToken|OrbitDAO|VectorCoin|SignalToken|DriftDAO|CoreCoin|ByteToken|ZenithDAO,ğŸ¶|ğŸ¸|ğŸº|ğŸ»|ğŸ¦ˆ|ğŸš€|ğŸ”¥|ğŸ§ |ğŸª™|ğŸ“ˆ,,,,,,,,,,,,,,,,,,,
theme_tweet,sol,,,,,,Zoo confirms gorilla named Sol euthanized after incident.,NationalZooLive,@NationalZooLive,6s,1,,,,,,,,,,,,,,
theme,sweep,sweep,ğŸª™,CleanSweep|SWEEP|SWEEPCoin|SWEEPX,AlphaCoin|NovaToken|TurboDAO|PulseCoin|FluxToken|OrbitDAO|VectorCoin|SignalToken|DriftDAO|CoreCoin|ByteToken|ZenithDAO,ğŸ¶|ğŸ¸|ğŸ¦|ğŸº|ğŸ»|ğŸ¦ˆ|ğŸš€|ğŸ”¥|ğŸ§ |ğŸ“ˆ,,,,,,,,,,,,,,,,,,,
theme_tweet,sweep,,,,,,Mayor announces Operation Clean Sweep effective immediately.,CityWirePress,@CityWirePress,18s,1,,,,,,,,,,,,,,
theme,free,free,ğŸ¦…,FreedomTheEagle|FREE|FREECoin|FREEX,AlphaCoin|NovaToken|TurboDAO|PulseCoin|FluxToken|OrbitDAO|VectorCoin|SignalToken|DriftDAO|CoreCoin|ByteToken|ZenithDAO,ğŸ¶|ğŸ¸|ğŸ¦|ğŸº|ğŸ»|ğŸ¦ˆ|ğŸš€|ğŸ”¥|ğŸ§ |ğŸª™,,,,,,,,,,,,,,,,,,,
theme_tweet,free,,,,,,Bald eagle named â€œFreedomâ€ escapes during national anthem ceremony ğŸ¦…,PatriotPulse,@PatriotPulse,42s,1,,,,,,,,,,,,,,
theme,crypto,crypto,ğŸª™,DigitalMoney|CRYPTO|CRYPTOCoin|CRYPTOX,AlphaCoin|NovaToken|TurboDAO|PulseCoin|FluxToken|OrbitDAO|VectorCoin|SignalToken|DriftDAO|CoreCoin|ByteToken|ZenithDAO,ğŸ¶|ğŸ¸|ğŸ¦|ğŸº|ğŸ»|ğŸ¦ˆ|ğŸš€|ğŸ”¥|ğŸ§ |ğŸ“ˆ,,,,,,,,,,,,,,,,,,,
theme_tweet,crypto,,,,,,CEO caught on hot mic saying â€œwe print money digitally.â€,TechLeaksDaily,@TechLeaksDaily,18s,1,,,,,,,,,,,,,,
theme,cash,cash,ğŸ’µ,CashCoin|CASH|CASHCoin|CASHX,AlphaCoin|NovaToken|TurboDAO|PulseCoin|FluxToken|OrbitDAO|VectorCoin|SignalToken|DriftDAO|CoreCoin|ByteToken|ZenithDAO,ğŸ¶|ğŸ¸|ğŸ¦|ğŸº|ğŸ»|ğŸ¦ˆ|ğŸš€|ğŸ”¥|ğŸ§ |ğŸª™,,,,,,,,,,,,,,,,,,,
theme_tweet,cash,,,,,,"Senator: â€œPeople donâ€™t want digital IDs, they want cash.â€",HillHearingLive,@HillHearingLive,16s,1,,,,,,,,,,,,,,
theme,debtless,debtless,ğŸ“‰,DebtlessCoin|DEBTLESS|DEBTLESSCoin|DEBTLESSX,AlphaCoin|NovaToken|TurboDAO|PulseCoin|FluxToken|OrbitDAO|VectorCoin|SignalToken|DriftDAO|CoreCoin|ByteToken|ZenithDAO,ğŸ¶|ğŸ¸|ğŸ¦|ğŸº|ğŸ»|ğŸ¦ˆ|ğŸš€|ğŸ”¥|ğŸ§ |ğŸª™,,,,,,,,,,,,,,,,,,,
theme_tweet,debtless,,,,,,National debt clock briefly resets to zero during broadcast glitchâ€¦,MacroNowLive,@MacroNowLive,20s,1,,,,,,,,,,,,,,
theme,gasless,gasless,â›½,GaslessCoin|GASLESS|GASLESSCoin|GASLESSX,AlphaCoin|NovaToken|TurboDAO|PulseCoin|FluxToken|OrbitDAO|VectorCoin|SignalToken|DriftDAO|CoreCoin|ByteToken|ZenithDAO,ğŸ¶|ğŸ¸|ğŸ¦|ğŸº|ğŸ»|ğŸ¦ˆ|ğŸš€|ğŸ”¥|ğŸ§ |ğŸª™,,,,,,,,,,,,,,,,,,,
theme_tweet,gasless,,,,,,City council passes gas stove ban.,CityPolicyWatch,@CityPolicyWatch,26s,1,,,,,,,,,,,,,,
theme,ape,ape,ğŸ¦,FreeTheApe|APE|APECoin|APEX,AlphaCoin|NovaToken|TurboDAO|PulseCoin|FluxToken|OrbitDAO|VectorCoin|SignalToken|DriftDAO|CoreCoin|ByteToken|ZenithDAO,ğŸ¶|ğŸ¸|ğŸº|ğŸ»|ğŸ¦ˆ|ğŸš€|ğŸ”¥|ğŸ§ |ğŸª™|ğŸ“ˆ,,,,,,,,,,,,,,,,,,,
theme_tweet,ape,,,,,,Protester yelling â€œFree the ape!â€ during downtown rally.,apenews,@apenews,34s,1,,,,,,,,,,,,,,
theme,bear,bear,ğŸ¼,BearThePanda|BEAR|BEARCoin|BEARX,AlphaCoin|NovaToken|TurboDAO|PulseCoin|FluxToken|OrbitDAO|VectorCoin|SignalToken|DriftDAO|CoreCoin|ByteToken|ZenithDAO,ğŸ¶|ğŸ¸|ğŸ¦|ğŸº|ğŸ»|ğŸ¦ˆ|ğŸš€|ğŸ”¥|ğŸ§ |ğŸª™,,,,,,,,,,,,,,,,,,,
theme_tweet,bear,,,,,,Zoo welcomes newborn panda named Bear ğŸ¼,ZooBirthNews,@ZooBirthNews,7s,1,,,,,,,,,,,,,,
theme,priceless,priceless,ğŸª™,ThisCoinIs|PRICELESS|PRICELESSCoin|PRICELESSX,AlphaCoin|NovaToken|TurboDAO|PulseCoin|FluxToken|OrbitDAO|VectorCoin|SignalToken|DriftDAO|CoreCoin|ByteToken|ZenithDAO,ğŸ¶|ğŸ¸|ğŸ¦|ğŸº|ğŸ»|ğŸ¦ˆ|ğŸš€|ğŸ”¥|ğŸ§ |ğŸ“ˆ,,,,,,,,,,,,,,,,,,,
theme_tweet,priceless,,,,,,Trading halted after screen displays: ERROR: PRICE UNKNOWN.,MarketFlashLive,@MarketFlashLive,29s,1,,,,,,,,,,,,,,
theme,zero,zero,ğŸª™,DrainedCoin|ZERO|ZEROCoin|ZEROX,AlphaCoin|NovaToken|TurboDAO|PulseCoin|FluxToken|OrbitDAO|VectorCoin|SignalToken|DriftDAO|CoreCoin|ByteToken|ZenithDAO,ğŸ¶|ğŸ¸|ğŸ¦|ğŸº|ğŸ»|ğŸ¦ˆ|ğŸš€|ğŸ”¥|ğŸ§ |ğŸ“ˆ,,,,,,,,,,,,,,,,,,,
theme_tweet,zero,,,,,,shows all balances as 0.00 during outage.,Bankp,@Bankp,24s,1,,,,,,,,,,,,,,
theme,all,all,ğŸª™,SellAll|ALL|ALLCoin|ALLX,AlphaCoin|NovaToken|TurboDAO|PulseCoin|FluxToken|OrbitDAO|VectorCoin|SignalToken|DriftDAO|CoreCoin|ByteToken|ZenithDAO,ğŸ¶|ğŸ¸|ğŸ¦|ğŸº|ğŸ»|ğŸ¦ˆ|ğŸš€|ğŸ”¥|ğŸ§ |ğŸ“ˆ,,,,,,,,,,,,,,,,,,,
theme_tweet,all,,,,,,Stock ticker briefly displays â€œSELL ALL.â€,MarketFlashLive,@MarketFlashLive,40s,1,,,,,,,,,,,,,,
theme,it,it,ğŸª™,ItCoin|IT|ITCoin|ITX,AlphaCoin|NovaToken|TurboDAO|PulseCoin|FluxToken|OrbitDAO|VectorCoin|SignalToken|DriftDAO|CoreCoin|ByteToken|ZenithDAO,ğŸ¶|ğŸ¸|ğŸ¦|ğŸº|ğŸ»|ğŸ¦ˆ|ğŸš€|ğŸ”¥|ğŸ§ |ğŸ“ˆ,,,,,,,,,,,,,,,,,,,
theme_tweet,it,,,,,,Mayor says â€œwe canâ€™t stop it.â€,PressRoomLive,@PressRoomLive,15s,1,,,,,,,,,,,,,,
theme,wolf,wolf,ğŸº,LoneWolf|WOLF|WOLFCoin|WOLFX,AlphaCoin|NovaToken|TurboDAO|PulseCoin|FluxToken|OrbitDAO|VectorCoin|SignalToken|DriftDAO|CoreCoin|ByteToken|ZenithDAO,ğŸ¶|ğŸ¸|ğŸ¦|ğŸ»|ğŸ¦ˆ|ğŸš€|ğŸ”¥|ğŸ§ |ğŸª™|ğŸ“ˆ,,,,,,,,,,,,,,,,,,,
theme_tweet,wolf,,,,,,State officials confirm lone wolf spotted outside city limits ğŸº,WildlifeUpdate,@WildlifeUpdate,16s,1,,,,,,,,,,,,,,
theme,bull,bull,ğŸ‚,ChargingBull|BULL|BULLCoin|BULLX,AlphaCoin|NovaToken|TurboDAO|PulseCoin|FluxToken|OrbitDAO|VectorCoin|SignalToken|DriftDAO|CoreCoin|ByteToken|ZenithDAO,ğŸ¶|ğŸ¸|ğŸ¦|ğŸº|ğŸ»|ğŸ¦ˆ|ğŸš€|ğŸ”¥|ğŸ§ |ğŸª™,,,,,,,,,,,,,,,,,,,
theme_tweet,bull,,,,,,Protester climbs Charging Bull statue during early morning rally.,bullnews,@bullnews,15s,1,,,,,,,,,,,,,,
theme,moose,moose,ğŸ«,FearTheMoose|MOOSE|MOOSECoin|MOOSEX,AlphaCoin|NovaToken|TurboDAO|PulseCoin|FluxToken|OrbitDAO|VectorCoin|SignalToken|DriftDAO|CoreCoin|ByteToken|ZenithDAO,ğŸ¶|ğŸ¸|ğŸ¦|ğŸº|ğŸ»|ğŸ¦ˆ|ğŸš€|ğŸ”¥|ğŸ§ |ğŸª™,,,,,,,,,,,,,,,,,,,
theme_tweet,moose,,,,,,Massive moose halts highway traffic for nearly 40 minutes.,NorthRegionNews,@NorthRegionNews,31s,1,,,,,,,,,,,,,,
theme_tweet,rocket,,,,,,School board votes to retire â€œThe Rocketâ€ mascot after 40 years.,CampusChronicle,@CampusChronicle,19s,4,,,,,,,,,,,,,,
theme,truth,truth,ğŸ§¾,TruthInitiative|TRUTH|TRUTHCoin|TRUTHX,AlphaCoin|NovaToken|TurboDAO|PulseCoin|FluxToken|OrbitDAO|VectorCoin|SignalToken|DriftDAO|CoreCoin|ByteToken|ZenithDAO,ğŸ¶|ğŸ¸|ğŸ¦|ğŸº|ğŸ»|ğŸ¦ˆ|ğŸš€|ğŸ”¥|ğŸ§ |ğŸª™,,,,,,,,,,,,,,,,,,,
theme_tweet,truth,,,,,,Spokesperson: â€œWe stand by our version of the truth.â€,PressRoomLive,@PressRoomLive,6s,1,,,,,,,,,,,,,,
theme,agenda,agenda,ğŸª™,TheAgenda|AGENDA|AGENDACoin|AGENDAX,AlphaCoin|NovaToken|TurboDAO|PulseCoin|FluxToken|OrbitDAO|VectorCoin|SignalToken|DriftDAO|CoreCoin|ByteToken|ZenithDAO,ğŸ¶|ğŸ¸|ğŸ¦|ğŸº|ğŸ»|ğŸ¦ˆ|ğŸš€|ğŸ”¥|ğŸ§ |ğŸ“ˆ,,,,,,,,,,,,,,,,,,,
theme_tweet,agenda,,,,,,Governor says critics are â€œpushing an agendaâ€ without explaining further.,PolicyWatchNow,@PolicyWatchNow,25s,1,,,,,,,,,,,,,,
theme,voice,voice,ğŸ“£,ThePeopleSVoice|VOICE|VOICECoin|VOICEX,AlphaCoin|NovaToken|TurboDAO|PulseCoin|FluxToken|OrbitDAO|VectorCoin|SignalToken|DriftDAO|CoreCoin|ByteToken|ZenithDAO,ğŸ¶|ğŸ¸|ğŸ¦|ğŸº|ğŸ»|ğŸ¦ˆ|ğŸš€|ğŸ”¥|ğŸ§ |ğŸª™,,,,,,,,,,,,,,,,,,,
theme_tweet,voice,,,,,,Panel on â€œamplifying voicesâ€ limits public comment to 30 seconds.,voicenews,@voicenews,25s,1,,,,,,,,,,,,,,
theme,safe,safe,ğŸª™,PublicSafetyFund|SAFE|SAFECoin|SAFEX,AlphaCoin|NovaToken|TurboDAO|PulseCoin|FluxToken|OrbitDAO|VectorCoin|SignalToken|DriftDAO|CoreCoin|ByteToken|ZenithDAO,ğŸ¶|ğŸ¸|ğŸ¦|ğŸº|ğŸ»|ğŸ¦ˆ|ğŸš€|ğŸ”¥|ğŸ§ |ğŸ“ˆ,,,,,,,,,,,,,,,,,,,
theme_tweet,safe,,,,,,City reallocates public safety concerns.,MetroNewsLine,@MetroNewsLine,10s,1,,,,,,,,,,,,,,
theme,future,future,ğŸš—,TheFuture|FUTURE|FUTURECoin|FUTUREX,AlphaCoin|NovaToken|TurboDAO|PulseCoin|FluxToken|OrbitDAO|VectorCoin|SignalToken|DriftDAO|CoreCoin|ByteToken|ZenithDAO,ğŸ¶|ğŸ¸|ğŸ¦|ğŸº|ğŸ»|ğŸ¦ˆ|ğŸš€|ğŸ”¥|ğŸ§ |ğŸª™,,,,,,,,,,,,,,,,,,,
theme_tweet,future,,,,,,"Speaker tells crowd: â€œThe future belongs to you,â€ before departing in motorcade ğŸš—",YouthSummitLive,@YouthSummitLive,10s,1,,,,,,,,,,,,,,
theme,tremp,tremp,ğŸª™,TrempCoin|TREMP|TREMPCoin|TREMPX,AlphaCoin|NovaToken|TurboDAO|PulseCoin|FluxToken|OrbitDAO|VectorCoin|SignalToken|DriftDAO|CoreCoin|ByteToken|ZenithDAO,ğŸ¶|ğŸ¸|ğŸ¦|ğŸº|ğŸ»|ğŸ¦ˆ|ğŸš€|ğŸ”¥|ğŸ§ |ğŸ“ˆ,,,,,,,,,,,,,,,,,,,
theme_tweet,tremp,,,,,,The official Tremp coin is now live.,DonTremp,@DonTremp,42s,1,,,,,,,,,,,,,,
theme,pdt,pdt,ğŸª™,PissingDogTheory|PDT|PDTCoin|PDTX,AlphaCoin|NovaToken|TurboDAO|PulseCoin|FluxToken|OrbitDAO|VectorCoin|SignalToken|DriftDAO|CoreCoin|ByteToken|ZenithDAO,ğŸ¶|ğŸ¸|ğŸ¦|ğŸº|ğŸ»|ğŸ¦ˆ|ğŸš€|ğŸ”¥|ğŸ§ |ğŸ“ˆ,,,,,,,,,,,,,,,,,,,
theme_tweet,pdt,,,,,,Viral clip of dog refusing to stop peeing sparks â€œPDTâ€ trend online.,StreetLeakz,@StreetLeakz,29s,1,,,,,,,,,,,,,,
theme,fbc,fbc,ğŸª™,FartingBabyCouncil|FBC|FBCCoin|FBCX,AlphaCoin|NovaToken|TurboDAO|PulseCoin|FluxToken|OrbitDAO|VectorCoin|SignalToken|DriftDAO|CoreCoin|ByteToken|ZenithDAO,ğŸ¶|ğŸ¸|ğŸ¦|ğŸº|ğŸ»|ğŸ¦ˆ|ğŸš€|ğŸ”¥|ğŸ§ |ğŸ“ˆ,,,,,,,,,,,,,,,,,,,
theme_tweet,fbc,,,,,,City meeting disrupted after farting toddler repeatedly interrupts broadcast.,CultureChaos,@CultureChaos,16s,1,,,,,,,,,,,,,,
theme,bpc,bpc,ğŸª™,BrokenPlasticChair|BPC|BPCCoin|BPCX,AlphaCoin|NovaToken|TurboDAO|PulseCoin|FluxToken|OrbitDAO|VectorCoin|SignalToken|DriftDAO|CoreCoin|ByteToken|ZenithDAO,ğŸ¶|ğŸ¸|ğŸ¦|ğŸº|ğŸ»|ğŸ¦ˆ|ğŸš€|ğŸ”¥|ğŸ§ |ğŸ“ˆ,,,,,,,,,,,,,,,,,,,
theme_tweet,bpc,,,,,,Fight breaks out after folding chair collapses mid-argument.,bpcnews,@bpcnews,9s,1,,,,,,,,,,,,,,
theme,shwc,shwc,ğŸ’¦,ShitHoseWaterCoin|SHWC|SHWCCoin|SHWCX,AlphaCoin|NovaToken|TurboDAO|PulseCoin|FluxToken|OrbitDAO|VectorCoin|SignalToken|DriftDAO|CoreCoin|ByteToken|ZenithDAO,ğŸ¶|ğŸ¸|ğŸ¦|ğŸº|ğŸ»|ğŸ¦ˆ|ğŸš€|ğŸ”¥|ğŸ§ |ğŸª™,,,,,,,,,,,,,,,,,,,
theme_tweet,shwc,,,,,,City sewage worker accidentally sprays crowd during downtown parade ğŸ’¦,UrbanTapez,@UrbanTapez,5s,1,,,,,,,,,,,,,,
theme,rwc,rwc,ğŸª™,RottenWetCarpet|RWC|RWCCoin|RWCX,AlphaCoin|NovaToken|TurboDAO|PulseCoin|FluxToken|OrbitDAO|VectorCoin|SignalToken|DriftDAO|CoreCoin|ByteToken|ZenithDAO,ğŸ¶|ğŸ¸|ğŸ¦|ğŸº|ğŸ»|ğŸ¦ˆ|ğŸš€|ğŸ”¥|ğŸ§ |ğŸ“ˆ,,,,,,,,,,,,,,,,,,,
theme_tweet,rwc,,,,,,Apartment residents demand action after water damage left untreated for months.,TenantAlertNow,@TenantAlertNow,22s,1,,,,,,,,,,,,,,
theme,ppf,ppf,ğŸ‘€,PublicPissFestival|PPF|PPFCoin|PPFX,AlphaCoin|NovaToken|TurboDAO|PulseCoin|FluxToken|OrbitDAO|VectorCoin|SignalToken|DriftDAO|CoreCoin|ByteToken|ZenithDAO,ğŸ¶|ğŸ¸|ğŸ¦|ğŸº|ğŸ»|ğŸ¦ˆ|ğŸš€|ğŸ”¥|ğŸ§ |ğŸª™,,,,,,,,,,,,,,,,,,,
theme_tweet,ppf,,,,,,City reviewing permits after unsanctioned street gathering trends online ğŸ‘€,NightLifeWire,@NightLifeWire,18s,1,,,,,,,,,,,,,,
theme,dwc,dwc,ğŸª™,DirtyWaterClub|DWC|DWCCoin|DWCX,AlphaCoin|NovaToken|TurboDAO|PulseCoin|FluxToken|OrbitDAO|VectorCoin|SignalToken|DriftDAO|CoreCoin|ByteToken|ZenithDAO,ğŸ¶|ğŸ¸|ğŸ¦|ğŸº|ğŸ»|ğŸ¦ˆ|ğŸš€|ğŸ”¥|ğŸ§ |ğŸ“ˆ,,,,,,,,,,,,,,,,,,,
theme_tweet,dwc,,,,,,Students warned after â€œDirty Waterâ€ challenge goes viral.,CampusScene,@CampusScene,16s,1,,,,,,,,,,,,,,
theme,frt,frt,ğŸª™,FartResponsscroll|FRT|FRTCoin|FRTX,AlphaCoin|NovaToken|TurboDAO|PulseCoin|FluxToken|OrbitDAO|VectorCoin|SignalToken|DriftDAO|CoreCoin|ByteToken|ZenithDAO,ğŸ¶|ğŸ¸|ğŸ¦|ğŸº|ğŸ»|ğŸ¦ˆ|ğŸš€|ğŸ”¥|ğŸ§ |ğŸ“ˆ,,,,,,,,,,,,,,,,,,,
theme_tweet,frt,,,,,,Officials deny existence of â€œFRT unitâ€ despite leaked memo.,frtnews,@frtnews,37s,1,,,,,,,,,,,,,,
theme,tpc,tpc,ğŸ¦,ToiletPaperCrisis|TPC|TPCCoin|TPCX,AlphaCoin|NovaToken|TurboDAO|PulseCoin|FluxToken|OrbitDAO|VectorCoin|SignalToken|DriftDAO|CoreCoin|ByteToken|ZenithDAO,ğŸ¶|ğŸ¸|ğŸº|ğŸ»|ğŸ¦ˆ|ğŸš€|ğŸ”¥|ğŸ§ |ğŸª™|ğŸ“ˆ,,,,,,,,,,,,,,,,,,,
theme_tweet,tpc,,,,,,Retailers report sudden spike in toilet paper purchases overnight.,SupplyChainLive,@SupplyChainLive,5s,1,,,,,,,,,,,,,,
theme,x2,x2,ğŸª™,XSquared|X2|X2Coin|X2X,AlphaCoin|NovaToken|TurboDAO|PulseCoin|FluxToken|OrbitDAO|VectorCoin|SignalToken|DriftDAO|CoreCoin|ByteToken|ZenithDAO,ğŸ¶|ğŸ¸|ğŸ¦|ğŸº|ğŸ»|ğŸ¦ˆ|ğŸš€|ğŸ”¥|ğŸ§ |ğŸ“ˆ,,,,,,,,,,,,,,,,,,,
theme_tweet,x2,,,,,,"rebuilding x, but twice",ewonmusk,@ewonmusk,36s,1,,,,,,,,,,,,,,
theme,mers,mers,ğŸª™,MersInitiative|MERS|MERSCoin|MERSX,AlphaCoin|NovaToken|TurboDAO|PulseCoin|FluxToken|OrbitDAO|VectorCoin|SignalToken|DriftDAO|CoreCoin|ByteToken|ZenithDAO,ğŸ¶|ğŸ¸|ğŸ¦|ğŸº|ğŸ»|ğŸ¦ˆ|ğŸš€|ğŸ”¥|ğŸ§ |ğŸ“ˆ,,,,,,,,,,,,,,,,,,,
theme_tweet,mers,,,,,,thinking about going to mers instead,ewonmusk,@ewonmusk,31s,1,,,,,,,,,,,,,,
theme,oxy,oxy,ğŸª™,OxygenX|OXY|OXYCoin|OXYX,AlphaCoin|NovaToken|TurboDAO|PulseCoin|FluxToken|OrbitDAO|VectorCoin|SignalToken|DriftDAO|CoreCoin|ByteToken|ZenithDAO,ğŸ¶|ğŸ¸|ğŸ¦|ğŸº|ğŸ»|ğŸ¦ˆ|ğŸš€|ğŸ”¥|ğŸ§ |ğŸ“ˆ,,,,,,,,,,,,,,,,,,,
theme_tweet,oxy,,,,,,we should probably monetize oxygen,ewonmusk,@ewonmusk,21s,1,,,,,,,,,,,,,,
theme_tweet,fire,,,,,,This market is on FIRE ğŸ”¥,marketpulse,@marketpulse,37s,4,,,,,,,,,,,,,,
theme,win,win,ğŸª™,WinCoin|WIN|WINCoin|WINX,AlphaCoin|NovaToken|TurboDAO|PulseCoin|FluxToken|OrbitDAO|VectorCoin|SignalToken|DriftDAO|CoreCoin|ByteToken|ZenithDAO,ğŸ¶|ğŸ¸|ğŸ¦|ğŸº|ğŸ»|ğŸ¦ˆ|ğŸš€|ğŸ”¥|ğŸ§ |ğŸ“ˆ,,,,,,,,,,,,,,,,,,,
theme_tweet,win,,,,,,Nobody wins like we win. NOBODY.,DonTremp,@DonTremp,17s,1,,,,,,,,,,,,,,
theme,mcga,mcga,ğŸª™,MakeCoinsGreatAgain|MCGA|MCGACoin|MCGAX,AlphaCoin|NovaToken|TurboDAO|PulseCoin|FluxToken|OrbitDAO|VectorCoin|SignalToken|DriftDAO|CoreCoin|ByteToken|ZenithDAO,ğŸ¶|ğŸ¸|ğŸ¦|ğŸº|ğŸ»|ğŸ¦ˆ|ğŸš€|ğŸ”¥|ğŸ§ |ğŸ“ˆ,,,,,,,,,,,,,,,,,,,
theme_tweet,mcga,,,,,,Weâ€™re making coins great again. Believe me.,DonTremp,@DonTremp,5s,1,,,,,,,,,,,,,,
theme,mindx,mindx,ğŸª™,MindX|MINDX|MINDXCoin|MINDXX,AlphaCoin|NovaToken|TurboDAO|PulseCoin|FluxToken|OrbitDAO|VectorCoin|SignalToken|DriftDAO|CoreCoin|ByteToken|ZenithDAO,ğŸ¶|ğŸ¸|ğŸ¦|ğŸº|ğŸ»|ğŸ¦ˆ|ğŸš€|ğŸ”¥|ğŸ§ |ğŸ“ˆ,,,,,,,,,,,,,,,,,,,
theme_tweet,mindx,,,,,,what if thoughts had a subscribe button,ewonmusk,@ewonmusk,32s,1,,,,,,,,,,,,,,
theme,dogex,dogex,ğŸª™,DogeExpansion|DOGEX|DOGEXCoin|DOGEXX,AlphaCoin|NovaToken|TurboDAO|PulseCoin|FluxToken|OrbitDAO|VectorCoin|SignalToken|DriftDAO|CoreCoin|ByteToken|ZenithDAO,ğŸ¶|ğŸ¸|ğŸ¦|ğŸº|ğŸ»|ğŸ¦ˆ|ğŸš€|ğŸ”¥|ğŸ§ |ğŸ“ˆ,,,,,,,,,,,,,,,,,,,
theme_tweet,dogex,,,,,,dogeâ€¦ but interplanetary,ewonmusk,@ewonmusk,22s,1,,,,,,,,,,,,,,
theme,viral,viral,ğŸª™,ViralCoin|VIRAL|VIRALCoin|VIRALX,AlphaCoin|NovaToken|TurboDAO|PulseCoin|FluxToken|OrbitDAO|VectorCoin|SignalToken|DriftDAO|CoreCoin|ByteToken|ZenithDAO,ğŸ¶|ğŸ¸|ğŸ¦|ğŸº|ğŸ»|ğŸ¦ˆ|ğŸš€|ğŸ”¥|ğŸ§ |ğŸ“ˆ,,,,,,,,,,,,,,,,,,,
theme_tweet,viral,,,,,,"Nobody knows why itâ€™s trending, but itâ€™s trending.",viralnews,@viralnews,23s,1,,,,,,,,,,,,,,
